"Problem","Package","File","Priority","Line","Description","Rule set","Rule"
"1","ie.ucd.sensetile.sensorboard","src/ie/ucd/sensetile/sensorboard/Driver.java","3","26","Found non-transient, non-static member. Please mark as transient or provide accessors.","JavaBean Rules","BeanMembersShouldSerialize"
"2","ie.ucd.sensetile.sensorboard","src/ie/ucd/sensetile/sensorboard/Driver.java","3","32","Parameter 'deviceNumber' is not assigned and could be declared final","Optimization Rules","MethodArgumentCouldBeFinal"
"3","ie.ucd.sensetile.sensorboard","src/ie/ucd/sensetile/sensorboard/Packet.java","3","5","Avoid modifiers which are implied by the context","Controversial Rules","UnusedModifier"
"4","ie.ucd.sensetile.sensorboard","src/ie/ucd/sensetile/sensorboard/PacketInputStream.java","4","3","Avoid unused imports such as 'java.io.EOFException'","Type Resolution Rules","UnusedImports"
"5","ie.ucd.sensetile.sensorboard","src/ie/ucd/sensetile/sensorboard/PacketInputStream.java","4","3","Avoid unused imports such as 'java.io.EOFException'","Type Resolution Rules","UnusedImports"
"6","ie.ucd.sensetile.sensorboard","src/ie/ucd/sensetile/sensorboard/PacketInputStream.java","3","16","Avoid modifiers which are implied by the context","Controversial Rules","UnusedModifier"
"7","ie.ucd.sensetile.sensorboard","src/ie/ucd/sensetile/sensorboard/PacketInputStream.java","3","31","Avoid modifiers which are implied by the context","Controversial Rules","UnusedModifier"
"8","ie.ucd.sensetile.sensorboard","src/ie/ucd/sensetile/sensorboard/PacketInputStream.java","3","54","Avoid modifiers which are implied by the context","Controversial Rules","UnusedModifier"
"9","ie.ucd.sensetile.sensorboard","src/ie/ucd/sensetile/sensorboard/PacketInputStream.java","3","76","Avoid modifiers which are implied by the context","Controversial Rules","UnusedModifier"
"10","ie.ucd.sensetile.sensorboard","src/ie/ucd/sensetile/sensorboard/PacketInputStream.java","3","101","Avoid modifiers which are implied by the context","Controversial Rules","UnusedModifier"
"11","ie.ucd.sensetile.sensorboard","src/ie/ucd/sensetile/sensorboard/SenseTileException.java","3","15","Parameter 'innerException' is not assigned and could be declared final","Optimization Rules","MethodArgumentCouldBeFinal"
"12","ie.ucd.sensetile.sensorboard","src/ie/ucd/sensetile/sensorboard/SenseTileException.java","3","15","Parameter 'message' is not assigned and could be declared final","Optimization Rules","MethodArgumentCouldBeFinal"
"13","ie.ucd.sensetile.sensorboard","src/ie/ucd/sensetile/sensorboard/SenseTileException.java","3","19","Parameter 'message' is not assigned and could be declared final","Optimization Rules","MethodArgumentCouldBeFinal"
"14","ie.ucd.sensetile.sensorboard","src/ie/ucd/sensetile/sensorboard/SenseTileException.java","3","23","Parameter 'innerException' is not assigned and could be declared final","Optimization Rules","MethodArgumentCouldBeFinal"
"15","ie.ucd.sensetile.sensorboard.driver","src/ie/ucd/sensetile/sensorboard/driver/ByteArrayPacket.java","3","17","Use explicit scoping instead of the default package private level","Controversial Rules","DefaultPackage"
"16","ie.ucd.sensetile.sensorboard.driver","src/ie/ucd/sensetile/sensorboard/driver/ByteArrayPacket.java","3","23","Use explicit scoping instead of the default package private level","Controversial Rules","DefaultPackage"
"17","ie.ucd.sensetile.sensorboard.driver","src/ie/ucd/sensetile/sensorboard/driver/ByteArrayPacket.java","3","25","Use explicit scoping instead of the default package private level","Controversial Rules","DefaultPackage"
"18","ie.ucd.sensetile.sensorboard.driver","src/ie/ucd/sensetile/sensorboard/driver/ByteArrayPacket.java","3","27","Found non-transient, non-static member. Please mark as transient or provide accessors.","JavaBean Rules","BeanMembersShouldSerialize"
"19","ie.ucd.sensetile.sensorboard.driver","src/ie/ucd/sensetile/sensorboard/driver/ByteArrayPacket.java","3","27","Use explicit scoping instead of the default package private level","Controversial Rules","DefaultPackage"
"20","ie.ucd.sensetile.sensorboard.driver","src/ie/ucd/sensetile/sensorboard/driver/ByteArrayPacket.java","3","29","Parameter 'raw' is not assigned and could be declared final","Optimization Rules","MethodArgumentCouldBeFinal"
"21","ie.ucd.sensetile.sensorboard.driver","src/ie/ucd/sensetile/sensorboard/driver/ByteArrayPacket.java","3","35","Parameter 'previousPacket' is not assigned and could be declared final","Optimization Rules","MethodArgumentCouldBeFinal"
"22","ie.ucd.sensetile.sensorboard.driver","src/ie/ucd/sensetile/sensorboard/driver/ByteArrayPacket.java","3","37","Local variable 'packet' could be declared final","Optimization Rules","LocalVariableCouldBeFinal"
"23","ie.ucd.sensetile.sensorboard.driver","src/ie/ucd/sensetile/sensorboard/driver/ByteArrayPacket.java","3","44","Local variable 'raw' could be declared final","Optimization Rules","LocalVariableCouldBeFinal"
"24","ie.ucd.sensetile.sensorboard.driver","src/ie/ucd/sensetile/sensorboard/driver/ByteArrayPacket.java","3","49","Parameter 'raw' is not assigned and could be declared final","Optimization Rules","MethodArgumentCouldBeFinal"
"25","ie.ucd.sensetile.sensorboard.driver","src/ie/ucd/sensetile/sensorboard/driver/ByteArrayPacket.java","3","50","Parameter 'previousPacket' is not assigned and could be declared final","Optimization Rules","MethodArgumentCouldBeFinal"
"26","ie.ucd.sensetile.sensorboard.driver","src/ie/ucd/sensetile/sensorboard/driver/ByteArrayPacket.java","3","52","Local variable 'packet' could be declared final","Optimization Rules","LocalVariableCouldBeFinal"
"27","ie.ucd.sensetile.sensorboard.driver","src/ie/ucd/sensetile/sensorboard/driver/ByteArrayPacket.java","2","58","Avoid reassigning parameters such as 'raw'","Design Rules","AvoidReassigningParameters"
"28","ie.ucd.sensetile.sensorboard.driver","src/ie/ucd/sensetile/sensorboard/driver/ByteArrayPacket.java","3","73","Parameter 'value' is not assigned and could be declared final","Optimization Rules","MethodArgumentCouldBeFinal"
"29","ie.ucd.sensetile.sensorboard.driver","src/ie/ucd/sensetile/sensorboard/driver/ByteArrayPacket.java","3","73","Use explicit scoping instead of the default package private level","Controversial Rules","DefaultPackage"
"30","ie.ucd.sensetile.sensorboard.driver","src/ie/ucd/sensetile/sensorboard/driver/ByteArrayPacket.java","3","86","Avoid variables with short names like bp","Naming Rules","ShortVariable"
"31","ie.ucd.sensetile.sensorboard.driver","src/ie/ucd/sensetile/sensorboard/driver/ByteArrayPacket.java","3","86","Local variable 'bp' could be declared final","Optimization Rules","LocalVariableCouldBeFinal"
"32","ie.ucd.sensetile.sensorboard.driver","src/ie/ucd/sensetile/sensorboard/driver/ByteArrayPacket.java","3","87","Local variable 'relativeOffset' could be declared final","Optimization Rules","LocalVariableCouldBeFinal"
"33","ie.ucd.sensetile.sensorboard.driver","src/ie/ucd/sensetile/sensorboard/driver/InputStreamPacketInputStream.java","3","34","This class has too many methods, consider refactoring it.","Code Size Rules","TooManyMethods"
"34","ie.ucd.sensetile.sensorboard.driver","src/ie/ucd/sensetile/sensorboard/driver/InputStreamPacketInputStream.java","3","39","The field name indicates a constant but its modifiers do not","Naming Rules","SuspiciousConstantFieldName"
"35","ie.ucd.sensetile.sensorboard.driver","src/ie/ucd/sensetile/sensorboard/driver/InputStreamPacketInputStream.java","3","39","Use explicit scoping instead of the default package private level","Controversial Rules","DefaultPackage"
"36","ie.ucd.sensetile.sensorboard.driver","src/ie/ucd/sensetile/sensorboard/driver/InputStreamPacketInputStream.java","1","39","Variables should start with a lowercase character","Naming Rules","VariableNamingConventions"
"37","ie.ucd.sensetile.sensorboard.driver","src/ie/ucd/sensetile/sensorboard/driver/InputStreamPacketInputStream.java","1","39","Variables that are not final should not contain underscores (except for underscores in standard prefix/suffix).","Naming Rules","VariableNamingConventions"
"38","ie.ucd.sensetile.sensorboard.driver","src/ie/ucd/sensetile/sensorboard/driver/InputStreamPacketInputStream.java","3","40","Avoid excessively long variable names like VALIDATE_MINIMUM_PACKETS","Naming Rules","LongVariable"
"39","ie.ucd.sensetile.sensorboard.driver","src/ie/ucd/sensetile/sensorboard/driver/InputStreamPacketInputStream.java","3","40","The field name indicates a constant but its modifiers do not","Naming Rules","SuspiciousConstantFieldName"
"40","ie.ucd.sensetile.sensorboard.driver","src/ie/ucd/sensetile/sensorboard/driver/InputStreamPacketInputStream.java","3","40","Use explicit scoping instead of the default package private level","Controversial Rules","DefaultPackage"
"41","ie.ucd.sensetile.sensorboard.driver","src/ie/ucd/sensetile/sensorboard/driver/InputStreamPacketInputStream.java","1","40","Variables should start with a lowercase character","Naming Rules","VariableNamingConventions"
"42","ie.ucd.sensetile.sensorboard.driver","src/ie/ucd/sensetile/sensorboard/driver/InputStreamPacketInputStream.java","1","40","Variables that are not final should not contain underscores (except for underscores in standard prefix/suffix).","Naming Rules","VariableNamingConventions"
"43","ie.ucd.sensetile.sensorboard.driver","src/ie/ucd/sensetile/sensorboard/driver/InputStreamPacketInputStream.java","3","41","The field name indicates a constant but its modifiers do not","Naming Rules","SuspiciousConstantFieldName"
"44","ie.ucd.sensetile.sensorboard.driver","src/ie/ucd/sensetile/sensorboard/driver/InputStreamPacketInputStream.java","3","41","Use explicit scoping instead of the default package private level","Controversial Rules","DefaultPackage"
"45","ie.ucd.sensetile.sensorboard.driver","src/ie/ucd/sensetile/sensorboard/driver/InputStreamPacketInputStream.java","1","41","Variables should start with a lowercase character","Naming Rules","VariableNamingConventions"
"46","ie.ucd.sensetile.sensorboard.driver","src/ie/ucd/sensetile/sensorboard/driver/InputStreamPacketInputStream.java","3","46","Avoid variables with short names like is","Naming Rules","ShortVariable"
"47","ie.ucd.sensetile.sensorboard.driver","src/ie/ucd/sensetile/sensorboard/driver/InputStreamPacketInputStream.java","3","46","Found non-transient, non-static member. Please mark as transient or provide accessors.","JavaBean Rules","BeanMembersShouldSerialize"
"48","ie.ucd.sensetile.sensorboard.driver","src/ie/ucd/sensetile/sensorboard/driver/InputStreamPacketInputStream.java","3","51","Found non-transient, non-static member. Please mark as transient or provide accessors.","JavaBean Rules","BeanMembersShouldSerialize"
"49","ie.ucd.sensetile.sensorboard.driver","src/ie/ucd/sensetile/sensorboard/driver/InputStreamPacketInputStream.java","3","51","Private field 'raw' could be made final; it is only initialized in the declaration or constructor.","Design Rules","ImmutableField"
"50","ie.ucd.sensetile.sensorboard.driver","src/ie/ucd/sensetile/sensorboard/driver/InputStreamPacketInputStream.java","3","52","Found non-transient, non-static member. Please mark as transient or provide accessors.","JavaBean Rules","BeanMembersShouldSerialize"
"51","ie.ucd.sensetile.sensorboard.driver","src/ie/ucd/sensetile/sensorboard/driver/InputStreamPacketInputStream.java","3","57","Found non-transient, non-static member. Please mark as transient or provide accessors.","JavaBean Rules","BeanMembersShouldSerialize"
"52","ie.ucd.sensetile.sensorboard.driver","src/ie/ucd/sensetile/sensorboard/driver/InputStreamPacketInputStream.java","3","62","Found non-transient, non-static member. Please mark as transient or provide accessors.","JavaBean Rules","BeanMembersShouldSerialize"
"53","ie.ucd.sensetile.sensorboard.driver","src/ie/ucd/sensetile/sensorboard/driver/InputStreamPacketInputStream.java","3","62","It is somewhat confusing to have a field name with the same name as a method","Naming Rules","AvoidFieldNameMatchingMethodName"
"54","ie.ucd.sensetile.sensorboard.driver","src/ie/ucd/sensetile/sensorboard/driver/InputStreamPacketInputStream.java","3","67","It is somewhat confusing to have a field name with the same name as a method","Naming Rules","AvoidFieldNameMatchingMethodName"
"55","ie.ucd.sensetile.sensorboard.driver","src/ie/ucd/sensetile/sensorboard/driver/InputStreamPacketInputStream.java","3","69","Avoid variables with short names like is","Naming Rules","ShortVariable"
"56","ie.ucd.sensetile.sensorboard.driver","src/ie/ucd/sensetile/sensorboard/driver/InputStreamPacketInputStream.java","3","69","Parameter 'is' is not assigned and could be declared final","Optimization Rules","MethodArgumentCouldBeFinal"
"57","ie.ucd.sensetile.sensorboard.driver","src/ie/ucd/sensetile/sensorboard/driver/InputStreamPacketInputStream.java","3","92","Parameter 'array' is not assigned and could be declared final","Optimization Rules","MethodArgumentCouldBeFinal"
"58","ie.ucd.sensetile.sensorboard.driver","src/ie/ucd/sensetile/sensorboard/driver/InputStreamPacketInputStream.java","3","100","Parameter 'array' is not assigned and could be declared final","Optimization Rules","MethodArgumentCouldBeFinal"
"59","ie.ucd.sensetile.sensorboard.driver","src/ie/ucd/sensetile/sensorboard/driver/InputStreamPacketInputStream.java","3","100","Parameter 'length' is not assigned and could be declared final","Optimization Rules","MethodArgumentCouldBeFinal"
"60","ie.ucd.sensetile.sensorboard.driver","src/ie/ucd/sensetile/sensorboard/driver/InputStreamPacketInputStream.java","3","100","Parameter 'offset' is not assigned and could be declared final","Optimization Rules","MethodArgumentCouldBeFinal"
"61","ie.ucd.sensetile.sensorboard.driver","src/ie/ucd/sensetile/sensorboard/driver/InputStreamPacketInputStream.java","3","103","A method should have only one exit point, and that should be the last statement in the method","Controversial Rules","OnlyOneReturn"
"62","ie.ucd.sensetile.sensorboard.driver","src/ie/ucd/sensetile/sensorboard/driver/InputStreamPacketInputStream.java","3","106","A method should have only one exit point, and that should be the last statement in the method","Controversial Rules","OnlyOneReturn"
"63","ie.ucd.sensetile.sensorboard.driver","src/ie/ucd/sensetile/sensorboard/driver/InputStreamPacketInputStream.java","3","108","Local variable 'returnArray' could be declared final","Optimization Rules","LocalVariableCouldBeFinal"
"64","ie.ucd.sensetile.sensorboard.driver","src/ie/ucd/sensetile/sensorboard/driver/InputStreamPacketInputStream.java","3","109","Avoid instantiation through private constructors from outside of the constructor's class.","Design Rules","AccessorClassGeneration"
"65","ie.ucd.sensetile.sensorboard.driver","src/ie/ucd/sensetile/sensorboard/driver/InputStreamPacketInputStream.java","3","118","Local variable 'array' could be declared final","Optimization Rules","LocalVariableCouldBeFinal"
"66","ie.ucd.sensetile.sensorboard.driver","src/ie/ucd/sensetile/sensorboard/driver/InputStreamPacketInputStream.java","3","142","Local variable 'returnArray' could be declared final","Optimization Rules","LocalVariableCouldBeFinal"
"67","ie.ucd.sensetile.sensorboard.driver","src/ie/ucd/sensetile/sensorboard/driver/InputStreamPacketInputStream.java","3","143","Avoid instantiation through private constructors from outside of the constructor's class.","Design Rules","AccessorClassGeneration"
"68","ie.ucd.sensetile.sensorboard.driver","src/ie/ucd/sensetile/sensorboard/driver/InputStreamPacketInputStream.java","3","178","A method should have only one exit point, and that should be the last statement in the method","Controversial Rules","OnlyOneReturn"
"69","ie.ucd.sensetile.sensorboard.driver","src/ie/ucd/sensetile/sensorboard/driver/InputStreamPacketInputStream.java","3","180","Local variable 'begin' could be declared final","Optimization Rules","LocalVariableCouldBeFinal"
"70","ie.ucd.sensetile.sensorboard.driver","src/ie/ucd/sensetile/sensorboard/driver/InputStreamPacketInputStream.java","3","181","Local variable 'end' could be declared final","Optimization Rules","LocalVariableCouldBeFinal"
"71","ie.ucd.sensetile.sensorboard.driver","src/ie/ucd/sensetile/sensorboard/driver/InputStreamPacketInputStream.java","5","182","Found 'DD'-anomaly for variable 'read' (lines '182'-'184').","Controversial Rules","DataflowAnomalyAnalysis"
"72","ie.ucd.sensetile.sensorboard.driver","src/ie/ucd/sensetile/sensorboard/driver/InputStreamPacketInputStream.java","5","182","Found 'DD'-anomaly for variable 'read' (lines '182'-'186').","Controversial Rules","DataflowAnomalyAnalysis"
"73","ie.ucd.sensetile.sensorboard.driver","src/ie/ucd/sensetile/sensorboard/driver/InputStreamPacketInputStream.java","3","201","Avoid unnecessary comparisons in boolean expressions","Design Rules","SimplifyBooleanExpressions"
"74","ie.ucd.sensetile.sensorboard.driver","src/ie/ucd/sensetile/sensorboard/driver/InputStreamPacketInputStream.java","5","213","Found 'DD'-anomaly for variable 'toBeRead' (lines '213'-'214').","Controversial Rules","DataflowAnomalyAnalysis"
"75","ie.ucd.sensetile.sensorboard.driver","src/ie/ucd/sensetile/sensorboard/driver/InputStreamPacketInputStream.java","3","254","A method should have only one exit point, and that should be the last statement in the method","Controversial Rules","OnlyOneReturn"
"76","ie.ucd.sensetile.sensorboard.driver","src/ie/ucd/sensetile/sensorboard/driver/InputStreamPacketInputStream.java","3","304","Private field 'offset' could be made final; it is only initialized in the declaration or constructor.","Design Rules","ImmutableField"
"77","ie.ucd.sensetile.sensorboard.driver","src/ie/ucd/sensetile/sensorboard/driver/InputStreamPacketInputStream.java","3","305","Private field 'length' could be made final; it is only initialized in the declaration or constructor.","Design Rules","ImmutableField"
"78","ie.ucd.sensetile.sensorboard.driver","src/ie/ucd/sensetile/sensorboard/driver/InputStreamPacketInputStream.java","3","308","The user-supplied array 'array' is stored directly.","Security Code Guidelines","ArrayIsStoredDirectly"
"79","ie.ucd.sensetile.sensorboard.driver","src/ie/ucd/sensetile/sensorboard/driver/InputStreamPacketInputStream.java","3","333","A method should have only one exit point, and that should be the last statement in the method","Controversial Rules","OnlyOneReturn"
"80","ie.ucd.sensetile.util","src/ie/ucd/sensetile/util/BytePattern.java","3","19","This class has too many methods, consider refactoring it.","Code Size Rules","TooManyMethods"
"81","ie.ucd.sensetile.util","src/ie/ucd/sensetile/util/BytePattern.java","3","21","Found non-transient, non-static member. Please mark as transient or provide accessors.","JavaBean Rules","BeanMembersShouldSerialize"
"82","ie.ucd.sensetile.util","src/ie/ucd/sensetile/util/BytePattern.java","3","21","Private field 'pattern' could be made final; it is only initialized in the declaration or constructor.","Design Rules","ImmutableField"
"83","ie.ucd.sensetile.util","src/ie/ucd/sensetile/util/BytePattern.java","3","22","Found non-transient, non-static member. Please mark as transient or provide accessors.","JavaBean Rules","BeanMembersShouldSerialize"
"84","ie.ucd.sensetile.util","src/ie/ucd/sensetile/util/BytePattern.java","3","22","Private field 'repetitionStep' could be made final; it is only initialized in the declaration or constructor.","Design Rules","ImmutableField"
"85","ie.ucd.sensetile.util","src/ie/ucd/sensetile/util/BytePattern.java","3","24","Parameter 'pattern' is not assigned and could be declared final","Optimization Rules","MethodArgumentCouldBeFinal"
"86","ie.ucd.sensetile.util","src/ie/ucd/sensetile/util/BytePattern.java","3","24","Parameter 'repetitionStep' is not assigned and could be declared final","Optimization Rules","MethodArgumentCouldBeFinal"
"87","ie.ucd.sensetile.util","src/ie/ucd/sensetile/util/BytePattern.java","3","37","Parameter 'ba_pattern' is not assigned and could be declared final","Optimization Rules","MethodArgumentCouldBeFinal"
"88","ie.ucd.sensetile.util","src/ie/ucd/sensetile/util/BytePattern.java","3","52","Parameter 'ba_pattern' is not assigned and could be declared final","Optimization Rules","MethodArgumentCouldBeFinal"
"89","ie.ucd.sensetile.util","src/ie/ucd/sensetile/util/BytePattern.java","3","53","Parameter 'repetitionStep' is not assigned and could be declared final","Optimization Rules","MethodArgumentCouldBeFinal"
"90","ie.ucd.sensetile.util","src/ie/ucd/sensetile/util/BytePattern.java","3","54","Local variable 'pattern' could be declared final","Optimization Rules","LocalVariableCouldBeFinal"
"91","ie.ucd.sensetile.util","src/ie/ucd/sensetile/util/BytePattern.java","3","57","Local variable 'creation' could be declared final","Optimization Rules","LocalVariableCouldBeFinal"
"92","ie.ucd.sensetile.util","src/ie/ucd/sensetile/util/BytePattern.java","3","58","Consider simply returning the value vs storing it in local variable 'creation'","Design Rules","UnnecessaryLocalBeforeReturn"
"93","ie.ucd.sensetile.util","src/ie/ucd/sensetile/util/BytePattern.java","3","72","A method should have only one exit point, and that should be the last statement in the method","Controversial Rules","OnlyOneReturn"
"94","ie.ucd.sensetile.util","src/ie/ucd/sensetile/util/BytePattern.java","5","87","Found 'DD'-anomaly for variable 'index' (lines '87'-'95').","Controversial Rules","DataflowAnomalyAnalysis"
"95","ie.ucd.sensetile.util","src/ie/ucd/sensetile/util/BytePattern.java","5","87","Found 'DD'-anomaly for variable 'index' (lines '87'-'97').","Controversial Rules","DataflowAnomalyAnalysis"
"96","ie.ucd.sensetile.util","src/ie/ucd/sensetile/util/BytePattern.java","3","89","A method should have only one exit point, and that should be the last statement in the method","Controversial Rules","OnlyOneReturn"
"97","ie.ucd.sensetile.util","src/ie/ucd/sensetile/util/BytePattern.java","3","93","A method should have only one exit point, and that should be the last statement in the method","Controversial Rules","OnlyOneReturn"
"98","ie.ucd.sensetile.util","src/ie/ucd/sensetile/util/BytePattern.java","5","103","Found 'DD'-anomaly for variable 'index' (lines '103'-'105').","Controversial Rules","DataflowAnomalyAnalysis"
"99","ie.ucd.sensetile.util","src/ie/ucd/sensetile/util/BytePattern.java","5","104","Found 'DD'-anomaly for variable 'check' (lines '104'-'109').","Controversial Rules","DataflowAnomalyAnalysis"
"100","ie.ucd.sensetile.util","src/ie/ucd/sensetile/util/BytePattern.java","5","104","Found 'DU'-anomaly for variable 'check' (lines '104'-'117').","Controversial Rules","DataflowAnomalyAnalysis"
"101","ie.ucd.sensetile.util","src/ie/ucd/sensetile/util/BytePattern.java","3","107","A method should have only one exit point, and that should be the last statement in the method","Controversial Rules","OnlyOneReturn"
"102","ie.ucd.sensetile.util","src/ie/ucd/sensetile/util/BytePattern.java","5","125","Found 'DU'-anomaly for variable 'patternIndex' (lines '125'-'138').","Controversial Rules","DataflowAnomalyAnalysis"
"103","ie.ucd.sensetile.util","src/ie/ucd/sensetile/util/BytePattern.java","5","130","Found 'DD'-anomaly for variable 'dataIndex' (lines '130'-'133').","Controversial Rules","DataflowAnomalyAnalysis"
"104","ie.ucd.sensetile.util","src/ie/ucd/sensetile/util/BytePattern.java","5","134","Found 'DU'-anomaly for variable 'patternIndex' (lines '134'-'138').","Controversial Rules","DataflowAnomalyAnalysis"
"105","ie.ucd.sensetile.util","src/ie/ucd/sensetile/util/BytePattern.java","3","143","A method should have only one exit point, and that should be the last statement in the method","Controversial Rules","OnlyOneReturn"
"106","ie.ucd.sensetile.util","src/ie/ucd/sensetile/util/UnsignedByteArray.java","1","16","A class which only has private constructors should be final","Design Rules","ClassWithOnlyPrivateConstructorsShouldBeFinal"
"107","ie.ucd.sensetile.util","src/ie/ucd/sensetile/util/UnsignedByteArray.java","3","16","This class has too many methods, consider refactoring it.","Code Size Rules","TooManyMethods"
"108","ie.ucd.sensetile.util","src/ie/ucd/sensetile/util/UnsignedByteArray.java","3","18","Found non-transient, non-static member. Please mark as transient or provide accessors.","JavaBean Rules","BeanMembersShouldSerialize"
"109","ie.ucd.sensetile.util","src/ie/ucd/sensetile/util/UnsignedByteArray.java","3","19","Found non-transient, non-static member. Please mark as transient or provide accessors.","JavaBean Rules","BeanMembersShouldSerialize"
"110","ie.ucd.sensetile.util","src/ie/ucd/sensetile/util/UnsignedByteArray.java","3","19","Private field 'offset' could be made final; it is only initialized in the declaration or constructor.","Design Rules","ImmutableField"
"111","ie.ucd.sensetile.util","src/ie/ucd/sensetile/util/UnsignedByteArray.java","3","20","Found non-transient, non-static member. Please mark as transient or provide accessors.","JavaBean Rules","BeanMembersShouldSerialize"
"112","ie.ucd.sensetile.util","src/ie/ucd/sensetile/util/UnsignedByteArray.java","3","20","It is somewhat confusing to have a field name with the same name as a method","Naming Rules","AvoidFieldNameMatchingMethodName"
"113","ie.ucd.sensetile.util","src/ie/ucd/sensetile/util/UnsignedByteArray.java","3","20","Private field 'length' could be made final; it is only initialized in the declaration or constructor.","Design Rules","ImmutableField"
"114","ie.ucd.sensetile.util","src/ie/ucd/sensetile/util/UnsignedByteArray.java","3","21","Found non-transient, non-static member. Please mark as transient or provide accessors.","JavaBean Rules","BeanMembersShouldSerialize"
"115","ie.ucd.sensetile.util","src/ie/ucd/sensetile/util/UnsignedByteArray.java","3","21","Private field 'folding' could be made final; it is only initialized in the declaration or constructor.","Design Rules","ImmutableField"
"116","ie.ucd.sensetile.util","src/ie/ucd/sensetile/util/UnsignedByteArray.java","3","24","Parameter 'array' is not assigned and could be declared final","Optimization Rules","MethodArgumentCouldBeFinal"
"117","ie.ucd.sensetile.util","src/ie/ucd/sensetile/util/UnsignedByteArray.java","3","24","Parameter 'folding' is not assigned and could be declared final","Optimization Rules","MethodArgumentCouldBeFinal"
"118","ie.ucd.sensetile.util","src/ie/ucd/sensetile/util/UnsignedByteArray.java","3","24","Parameter 'length' is not assigned and could be declared final","Optimization Rules","MethodArgumentCouldBeFinal"
"119","ie.ucd.sensetile.util","src/ie/ucd/sensetile/util/UnsignedByteArray.java","3","24","Parameter 'offset' is not assigned and could be declared final","Optimization Rules","MethodArgumentCouldBeFinal"
"120","ie.ucd.sensetile.util","src/ie/ucd/sensetile/util/UnsignedByteArray.java","3","24","The user-supplied array 'array' is stored directly.","Security Code Guidelines","ArrayIsStoredDirectly"
"121","ie.ucd.sensetile.util","src/ie/ucd/sensetile/util/UnsignedByteArray.java","2","38","Avoid reassigning parameters such as 'index'","Design Rules","AvoidReassigningParameters"
"122","ie.ucd.sensetile.util","src/ie/ucd/sensetile/util/UnsignedByteArray.java","2","49","Avoid reassigning parameters such as 'index'","Design Rules","AvoidReassigningParameters"
"123","ie.ucd.sensetile.util","src/ie/ucd/sensetile/util/UnsignedByteArray.java","3","49","Parameter 'value' is not assigned and could be declared final","Optimization Rules","MethodArgumentCouldBeFinal"
"124","ie.ucd.sensetile.util","src/ie/ucd/sensetile/util/UnsignedByteArray.java","2","60","Avoid reassigning parameters such as 'index'","Design Rules","AvoidReassigningParameters"
"125","ie.ucd.sensetile.util","src/ie/ucd/sensetile/util/UnsignedByteArray.java","2","73","Avoid reassigning parameters such as 'index'","Design Rules","AvoidReassigningParameters"
"126","ie.ucd.sensetile.util","src/ie/ucd/sensetile/util/UnsignedByteArray.java","3","113","Returning 'array' may expose an internal array.","Security Code Guidelines","MethodReturnsInternalArray"
"127","ie.ucd.sensetile.util","src/ie/ucd/sensetile/util/UnsignedByteArray.java","2","116","Avoid reassigning parameters such as 'index'","Design Rules","AvoidReassigningParameters"
"128","ie.ucd.sensetile.util","src/ie/ucd/sensetile/util/UnsignedByteArray.java","3","157","Avoid variables with short names like ba","Naming Rules","ShortVariable"
"129","ie.ucd.sensetile.util","src/ie/ucd/sensetile/util/UnsignedByteArray.java","3","157","Local variable 'ba' could be declared final","Optimization Rules","LocalVariableCouldBeFinal"
"130","ie.ucd.sensetile.util","src/ie/ucd/sensetile/util/UnsignedByteArray.java","3","158","Local variable 'realOffset' could be declared final","Optimization Rules","LocalVariableCouldBeFinal"
"131","ie.ucd.sensetile.util","src/ie/ucd/sensetile/util/UnsignedByteArray.java","3","172","Avoid variables with short names like ba","Naming Rules","ShortVariable"
"132","ie.ucd.sensetile.util","src/ie/ucd/sensetile/util/UnsignedByteArray.java","3","172","Local variable 'ba' could be declared final","Optimization Rules","LocalVariableCouldBeFinal"
"133","ie.ucd.sensetile.util","src/ie/ucd/sensetile/util/UnsignedByteArray.java","3","173","Local variable 'realOffset' could be declared final","Optimization Rules","LocalVariableCouldBeFinal"
"134","ie.ucd.sensetile.util","src/ie/ucd/sensetile/util/UnsignedByteArray.java","3","209","Avoid unused method parameters such as 'offset'.","Unused Code Rules","UnusedFormalParameter"
"135","ie.ucd.sensetile.util","src/ie/ucd/sensetile/util/UnsignedByteArray.java","1","211","Avoid throwing null pointer exceptions.","Strict Exception Rules","AvoidThrowingNullPointerException"
"136","ie.ucd.jdk.test","test/src/ie/ucd/jdk/test/ArraysUnitTest.java","4","4","Avoid unused imports such as 'org.junit.Assert'","Type Resolution Rules","UnusedImports"
"137","ie.ucd.jdk.test","test/src/ie/ucd/jdk/test/ArraysUnitTest.java","4","4","Avoid unused imports such as 'org.junit.Assert'","Type Resolution Rules","UnusedImports"
"138","ie.ucd.jdk.test","test/src/ie/ucd/jdk/test/ArraysUnitTest.java","3","13","Local variable 'original' could be declared final","Optimization Rules","LocalVariableCouldBeFinal"
"139","ie.ucd.jdk.test","test/src/ie/ucd/jdk/test/ArraysUnitTest.java","3","14","Local variable 'copy' could be declared final","Optimization Rules","LocalVariableCouldBeFinal"
"140","ie.ucd.jdk.test","test/src/ie/ucd/jdk/test/ArraysUnitTest.java","3","15","JUnit assertions should include a message","JUnit Rules","JUnitAssertionsShouldIncludeMessage"
"141","ie.ucd.jdk.test","test/src/ie/ucd/jdk/test/ArraysUnitTest.java","3","16","JUnit assertions should include a message","JUnit Rules","JUnitAssertionsShouldIncludeMessage"
"142","ie.ucd.jdk.test","test/src/ie/ucd/jdk/test/ArraysUnitTest.java","3","18","JUnit assertions should include a message","JUnit Rules","JUnitAssertionsShouldIncludeMessage"
"143","ie.ucd.jdk.test","test/src/ie/ucd/jdk/test/ByteArrayInputStreamUnitTest.java","4","3","Avoid unused imports such as 'org.junit.Assert'","Type Resolution Rules","UnusedImports"
"144","ie.ucd.jdk.test","test/src/ie/ucd/jdk/test/ByteArrayInputStreamUnitTest.java","4","3","Avoid unused imports such as 'org.junit.Assert'","Type Resolution Rules","UnusedImports"
"145","ie.ucd.jdk.test","test/src/ie/ucd/jdk/test/ByteArrayInputStreamUnitTest.java","3","14","Document empty method","Design Rules","UncommentedEmptyMethod"
"146","ie.ucd.jdk.test","test/src/ie/ucd/jdk/test/ByteArrayInputStreamUnitTest.java","3","18","Document empty method","Design Rules","UncommentedEmptyMethod"
"147","ie.ucd.jdk.test","test/src/ie/ucd/jdk/test/ByteArrayInputStreamUnitTest.java","3","23","Local variable 'raw' could be declared final","Optimization Rules","LocalVariableCouldBeFinal"
"148","ie.ucd.jdk.test","test/src/ie/ucd/jdk/test/ByteArrayInputStreamUnitTest.java","3","24","Avoid variables with short names like is","Naming Rules","ShortVariable"
"149","ie.ucd.jdk.test","test/src/ie/ucd/jdk/test/ByteArrayInputStreamUnitTest.java","3","24","Local variable 'is' could be declared final","Optimization Rules","LocalVariableCouldBeFinal"
"150","ie.ucd.jdk.test","test/src/ie/ucd/jdk/test/ByteArrayInputStreamUnitTest.java","3","27","JUnit assertions should include a message","JUnit Rules","JUnitAssertionsShouldIncludeMessage"
"151","ie.ucd.sensetile","test/src/ie/ucd/sensetile/AllAcceptanceTests.java","3","10","All methods are static.  Consider using Singleton instead.  Alternatively, you could add a private constructor or make the class abstract to silence this warning.","Design Rules","UseSingleton"
"152","ie.ucd.sensetile","test/src/ie/ucd/sensetile/AllAcceptanceTests.java","3","12","Parameter 'args' is not assigned and could be declared final","Optimization Rules","MethodArgumentCouldBeFinal"
"153","ie.ucd.sensetile","test/src/ie/ucd/sensetile/AllUnitTests.java","3","12","All methods are static.  Consider using Singleton instead.  Alternatively, you could add a private constructor or make the class abstract to silence this warning.","Design Rules","UseSingleton"
"154","ie.ucd.sensetile","test/src/ie/ucd/sensetile/AllUnitTests.java","3","14","Parameter 'args' is not assigned and could be declared final","Optimization Rules","MethodArgumentCouldBeFinal"
"155","ie.ucd.sensetile.sensorboard","test/src/ie/ucd/sensetile/sensorboard/AllAcceptanceTests.java","3","11","All methods are static.  Consider using Singleton instead.  Alternatively, you could add a private constructor or make the class abstract to silence this warning.","Design Rules","UseSingleton"
"156","ie.ucd.sensetile.sensorboard","test/src/ie/ucd/sensetile/sensorboard/AllAcceptanceTests.java","3","13","Parameter 'args' is not assigned and could be declared final","Optimization Rules","MethodArgumentCouldBeFinal"
"157","ie.ucd.sensetile.sensorboard","test/src/ie/ucd/sensetile/sensorboard/AllUnitTests.java","3","10","All methods are static.  Consider using Singleton instead.  Alternatively, you could add a private constructor or make the class abstract to silence this warning.","Design Rules","UseSingleton"
"158","ie.ucd.sensetile.sensorboard","test/src/ie/ucd/sensetile/sensorboard/AllUnitTests.java","3","12","Parameter 'args' is not assigned and could be declared final","Optimization Rules","MethodArgumentCouldBeFinal"
"159","ie.ucd.sensetile.sensorboard","test/src/ie/ucd/sensetile/sensorboard/BoardCommunicationAcceptanceTest.java","3","8","A method/constructor shouldn't explicitly throw java.lang.Exception","Type Resolution Rules","SignatureDeclareThrowsException"
"160","ie.ucd.sensetile.sensorboard","test/src/ie/ucd/sensetile/sensorboard/BoardCommunicationAcceptanceTest.java","3","8","A method/constructor shouldn't explicitly throw java.lang.Exception","Type Resolution Rules","SignatureDeclareThrowsException"
"161","ie.ucd.sensetile.sensorboard","test/src/ie/ucd/sensetile/sensorboard/BoardCommunicationAcceptanceTest.java","3","8","JUnit tests should include assert() or fail()","JUnit Rules","JUnitTestsShouldIncludeAssert"
"162","ie.ucd.sensetile.sensorboard","test/src/ie/ucd/sensetile/sensorboard/BoardCommunicationAcceptanceTest.java","3","9","Local variable 'driver' could be declared final","Optimization Rules","LocalVariableCouldBeFinal"
"163","ie.ucd.sensetile.sensorboard","test/src/ie/ucd/sensetile/sensorboard/BoardCommunicationAcceptanceTest.java","3","11","Avoid variables with short names like in","Naming Rules","ShortVariable"
"164","ie.ucd.sensetile.sensorboard","test/src/ie/ucd/sensetile/sensorboard/BoardCommunicationAcceptanceTest.java","3","11","Local variable 'in' could be declared final","Optimization Rules","LocalVariableCouldBeFinal"
"165","ie.ucd.sensetile.sensorboard","test/src/ie/ucd/sensetile/sensorboard/BoardCommunicationAcceptanceTest.java","3","16","Local variable 'available' could be declared final","Optimization Rules","LocalVariableCouldBeFinal"
"166","ie.ucd.sensetile.sensorboard","test/src/ie/ucd/sensetile/sensorboard/DriverUnitTest.java","3","4","No need to import a type that lives in the same package","Import Statement Rules","ImportFromSamePackage"
"167","ie.ucd.sensetile.sensorboard","test/src/ie/ucd/sensetile/sensorboard/DriverUnitTest.java","3","17","Found non-transient, non-static member. Please mark as transient or provide accessors.","JavaBean Rules","BeanMembersShouldSerialize"
"168","ie.ucd.sensetile.sensorboard","test/src/ie/ucd/sensetile/sensorboard/DriverUnitTest.java","3","17","Perhaps 'context' could be replaced by a local variable.","Design Rules","SingularField"
"169","ie.ucd.sensetile.sensorboard","test/src/ie/ucd/sensetile/sensorboard/DriverUnitTest.java","3","18","Found non-transient, non-static member. Please mark as transient or provide accessors.","JavaBean Rules","BeanMembersShouldSerialize"
"170","ie.ucd.sensetile.sensorboard","test/src/ie/ucd/sensetile/sensorboard/DriverUnitTest.java","3","19","Avoid unused private fields such as 'driver'.","Unused Code Rules","UnusedPrivateField"
"171","ie.ucd.sensetile.sensorboard","test/src/ie/ucd/sensetile/sensorboard/DriverUnitTest.java","3","19","Found non-transient, non-static member. Please mark as transient or provide accessors.","JavaBean Rules","BeanMembersShouldSerialize"
"172","ie.ucd.sensetile.sensorboard","test/src/ie/ucd/sensetile/sensorboard/DriverUnitTest.java","3","19","Perhaps 'driver' could be replaced by a local variable.","Design Rules","SingularField"
"173","ie.ucd.sensetile.sensorboard","test/src/ie/ucd/sensetile/sensorboard/DriverUnitTest.java","3","28","Non-static initializers are confusing","Design Rules","NonStaticInitializer"
"174","ie.ucd.sensetile.sensorboard","test/src/ie/ucd/sensetile/sensorboard/DriverUnitTest.java","3","35","Document empty method","Design Rules","UncommentedEmptyMethod"
"175","ie.ucd.sensetile.sensorboard","test/src/ie/ucd/sensetile/sensorboard/DriverUnitTest.java","3","39","JUnit tests should include assert() or fail()","JUnit Rules","JUnitTestsShouldIncludeAssert"
"176","ie.ucd.sensetile.sensorboard","test/src/ie/ucd/sensetile/sensorboard/InputStreamAcceptanceTest.java","3","6","Each class should declare at least one constructor","Controversial Rules","AtLeastOneConstructor"
"177","ie.ucd.sensetile.sensorboard.driver","test/src/ie/ucd/sensetile/sensorboard/driver/AllUnitTests.java","3","3","No need to import a type that lives in the same package","Import Statement Rules","ImportFromSamePackage"
"178","ie.ucd.sensetile.sensorboard.driver","test/src/ie/ucd/sensetile/sensorboard/driver/AllUnitTests.java","3","4","No need to import a type that lives in the same package","Import Statement Rules","ImportFromSamePackage"
"179","ie.ucd.sensetile.sensorboard.driver","test/src/ie/ucd/sensetile/sensorboard/driver/AllUnitTests.java","3","14","All methods are static.  Consider using Singleton instead.  Alternatively, you could add a private constructor or make the class abstract to silence this warning.","Design Rules","UseSingleton"
"180","ie.ucd.sensetile.sensorboard.driver","test/src/ie/ucd/sensetile/sensorboard/driver/AllUnitTests.java","3","16","Parameter 'args' is not assigned and could be declared final","Optimization Rules","MethodArgumentCouldBeFinal"
"181","ie.ucd.sensetile.sensorboard.driver","test/src/ie/ucd/sensetile/sensorboard/driver/ByteArrayPacketUnitTest.java","3","15","Found non-transient, non-static member. Please mark as transient or provide accessors.","JavaBean Rules","BeanMembersShouldSerialize"
"182","ie.ucd.sensetile.sensorboard.driver","test/src/ie/ucd/sensetile/sensorboard/driver/ByteArrayPacketUnitTest.java","3","15","Perhaps 'rawPacket' could be replaced by a local variable.","Design Rules","SingularField"
"183","ie.ucd.sensetile.sensorboard.driver","test/src/ie/ucd/sensetile/sensorboard/driver/ByteArrayPacketUnitTest.java","3","16","Found non-transient, non-static member. Please mark as transient or provide accessors.","JavaBean Rules","BeanMembersShouldSerialize"
"184","ie.ucd.sensetile.sensorboard.driver","test/src/ie/ucd/sensetile/sensorboard/driver/ByteArrayPacketUnitTest.java","3","17","Found non-transient, non-static member. Please mark as transient or provide accessors.","JavaBean Rules","BeanMembersShouldSerialize"
"185","ie.ucd.sensetile.sensorboard.driver","test/src/ie/ucd/sensetile/sensorboard/driver/ByteArrayPacketUnitTest.java","3","28","Local variable 'packetIndex' could be declared final","Optimization Rules","LocalVariableCouldBeFinal"
"186","ie.ucd.sensetile.sensorboard.driver","test/src/ie/ucd/sensetile/sensorboard/driver/ByteArrayPacketUnitTest.java","3","34","JUnit tests should include assert() or fail()","JUnit Rules","JUnitTestsShouldIncludeAssert"
"187","ie.ucd.sensetile.sensorboard.driver","test/src/ie/ucd/sensetile/sensorboard/driver/ByteArrayPacketUnitTest.java","3","37","Avoid empty catch blocks","Basic Rules","EmptyCatchBlock"
"188","ie.ucd.sensetile.sensorboard.driver","test/src/ie/ucd/sensetile/sensorboard/driver/ByteArrayPacketUnitTest.java","3","42","JUnit tests should include assert() or fail()","JUnit Rules","JUnitTestsShouldIncludeAssert"
"189","ie.ucd.sensetile.sensorboard.driver","test/src/ie/ucd/sensetile/sensorboard/driver/ByteArrayPacketUnitTest.java","3","47","A method/constructor shouldn't explicitly throw java.lang.Exception","Type Resolution Rules","SignatureDeclareThrowsException"
"190","ie.ucd.sensetile.sensorboard.driver","test/src/ie/ucd/sensetile/sensorboard/driver/ByteArrayPacketUnitTest.java","3","47","A method/constructor shouldn't explicitly throw java.lang.Exception","Type Resolution Rules","SignatureDeclareThrowsException"
"191","ie.ucd.sensetile.sensorboard.driver","test/src/ie/ucd/sensetile/sensorboard/driver/ByteArrayPacketUnitTest.java","3","52","A method/constructor shouldn't explicitly throw java.lang.Exception","Type Resolution Rules","SignatureDeclareThrowsException"
"192","ie.ucd.sensetile.sensorboard.driver","test/src/ie/ucd/sensetile/sensorboard/driver/ByteArrayPacketUnitTest.java","3","52","A method/constructor shouldn't explicitly throw java.lang.Exception","Type Resolution Rules","SignatureDeclareThrowsException"
"193","ie.ucd.sensetile.sensorboard.driver","test/src/ie/ucd/sensetile/sensorboard/driver/ByteArrayPacketUnitTest.java","3","57","A method/constructor shouldn't explicitly throw java.lang.Exception","Type Resolution Rules","SignatureDeclareThrowsException"
"194","ie.ucd.sensetile.sensorboard.driver","test/src/ie/ucd/sensetile/sensorboard/driver/ByteArrayPacketUnitTest.java","5","58","Found 'DD'-anomaly for variable 'rawPacket' (lines '58'-'60').","Controversial Rules","DataflowAnomalyAnalysis"
"195","ie.ucd.sensetile.sensorboard.driver","test/src/ie/ucd/sensetile/sensorboard/driver/ByteArrayPacketUnitTest.java","3","59","System.arraycopy is more efficient","Optimization Rules","AvoidArrayLoops"
"196","ie.ucd.sensetile.sensorboard.driver","test/src/ie/ucd/sensetile/sensorboard/driver/ByteArrayPacketUnitTest.java","5","60","Found 'DD'-anomaly for variable 'rawPacket' (lines '60'-'60').","Controversial Rules","DataflowAnomalyAnalysis"
"197","ie.ucd.sensetile.sensorboard.driver","test/src/ie/ucd/sensetile/sensorboard/driver/ByteArrayPacketUnitTest.java","3","66","JUnit tests should include assert() or fail()","JUnit Rules","JUnitTestsShouldIncludeAssert"
"198","ie.ucd.sensetile.sensorboard.driver","test/src/ie/ucd/sensetile/sensorboard/driver/ByteArrayPacketUnitTest.java","5","67","Found 'DD'-anomaly for variable 'rawPacket' (lines '67'-'69').","Controversial Rules","DataflowAnomalyAnalysis"
"199","ie.ucd.sensetile.sensorboard.driver","test/src/ie/ucd/sensetile/sensorboard/driver/ByteArrayPacketUnitTest.java","5","69","Found 'DD'-anomaly for variable 'rawPacket' (lines '69'-'69').","Controversial Rules","DataflowAnomalyAnalysis"
"200","ie.ucd.sensetile.sensorboard.driver","test/src/ie/ucd/sensetile/sensorboard/driver/ByteArrayPacketUnitTest.java","3","76","JUnit tests should include assert() or fail()","JUnit Rules","JUnitTestsShouldIncludeAssert"
"201","ie.ucd.sensetile.sensorboard.driver","test/src/ie/ucd/sensetile/sensorboard/driver/ByteArrayPacketUnitTest.java","3","82","Local variable 'value' could be declared final","Optimization Rules","LocalVariableCouldBeFinal"
"202","ie.ucd.sensetile.sensorboard.driver","test/src/ie/ucd/sensetile/sensorboard/driver/ByteArrayPacketUnitTest.java","3","84","JUnit assertions should include a message","JUnit Rules","JUnitAssertionsShouldIncludeMessage"
"203","ie.ucd.sensetile.sensorboard.driver","test/src/ie/ucd/sensetile/sensorboard/driver/InputStreamPacketInputStreamUnitTest.java","3","10","No need to import a type that lives in the same package","Import Statement Rules","ImportFromSamePackage"
"204","ie.ucd.sensetile.sensorboard.driver","test/src/ie/ucd/sensetile/sensorboard/driver/InputStreamPacketInputStreamUnitTest.java","3","11","No need to import a type that lives in the same package","Import Statement Rules","ImportFromSamePackage"
"205","ie.ucd.sensetile.sensorboard.driver","test/src/ie/ucd/sensetile/sensorboard/driver/InputStreamPacketInputStreamUnitTest.java","3","24","This class has too many methods, consider refactoring it.","Code Size Rules","TooManyMethods"
"206","ie.ucd.sensetile.sensorboard.driver","test/src/ie/ucd/sensetile/sensorboard/driver/InputStreamPacketInputStreamUnitTest.java","3","40","Local variable 'index' could be declared final","Optimization Rules","LocalVariableCouldBeFinal"
"207","ie.ucd.sensetile.sensorboard.driver","test/src/ie/ucd/sensetile/sensorboard/driver/InputStreamPacketInputStreamUnitTest.java","3","59","Avoid variables with short names like is","Naming Rules","ShortVariable"
"208","ie.ucd.sensetile.sensorboard.driver","test/src/ie/ucd/sensetile/sensorboard/driver/InputStreamPacketInputStreamUnitTest.java","3","59","Local variable 'is' could be declared final","Optimization Rules","LocalVariableCouldBeFinal"
"209","ie.ucd.sensetile.sensorboard.driver","test/src/ie/ucd/sensetile/sensorboard/driver/InputStreamPacketInputStreamUnitTest.java","3","60","Local variable 'pis' could be declared final","Optimization Rules","LocalVariableCouldBeFinal"
"210","ie.ucd.sensetile.sensorboard.driver","test/src/ie/ucd/sensetile/sensorboard/driver/InputStreamPacketInputStreamUnitTest.java","3","61","JUnit assertions should include a message","JUnit Rules","JUnitAssertionsShouldIncludeMessage"
"211","ie.ucd.sensetile.sensorboard.driver","test/src/ie/ucd/sensetile/sensorboard/driver/InputStreamPacketInputStreamUnitTest.java","3","62","JUnit assertions should include a message","JUnit Rules","JUnitAssertionsShouldIncludeMessage"
"212","ie.ucd.sensetile.sensorboard.driver","test/src/ie/ucd/sensetile/sensorboard/driver/InputStreamPacketInputStreamUnitTest.java","3","67","Avoid variables with short names like is","Naming Rules","ShortVariable"
"213","ie.ucd.sensetile.sensorboard.driver","test/src/ie/ucd/sensetile/sensorboard/driver/InputStreamPacketInputStreamUnitTest.java","3","67","Local variable 'is' could be declared final","Optimization Rules","LocalVariableCouldBeFinal"
"214","ie.ucd.sensetile.sensorboard.driver","test/src/ie/ucd/sensetile/sensorboard/driver/InputStreamPacketInputStreamUnitTest.java","3","68","Local variable 'pis' could be declared final","Optimization Rules","LocalVariableCouldBeFinal"
"215","ie.ucd.sensetile.sensorboard.driver","test/src/ie/ucd/sensetile/sensorboard/driver/InputStreamPacketInputStreamUnitTest.java","3","69","JUnit assertions should include a message","JUnit Rules","JUnitAssertionsShouldIncludeMessage"
"216","ie.ucd.sensetile.sensorboard.driver","test/src/ie/ucd/sensetile/sensorboard/driver/InputStreamPacketInputStreamUnitTest.java","3","74","Avoid variables with short names like is","Naming Rules","ShortVariable"
"217","ie.ucd.sensetile.sensorboard.driver","test/src/ie/ucd/sensetile/sensorboard/driver/InputStreamPacketInputStreamUnitTest.java","3","76","JUnit assertions should include a message","JUnit Rules","JUnitAssertionsShouldIncludeMessage"
"218","ie.ucd.sensetile.sensorboard.driver","test/src/ie/ucd/sensetile/sensorboard/driver/InputStreamPacketInputStreamUnitTest.java","3","82","Avoid variables with short names like is","Naming Rules","ShortVariable"
"219","ie.ucd.sensetile.sensorboard.driver","test/src/ie/ucd/sensetile/sensorboard/driver/InputStreamPacketInputStreamUnitTest.java","3","84","JUnit assertions should include a message","JUnit Rules","JUnitAssertionsShouldIncludeMessage"
"220","ie.ucd.sensetile.sensorboard.driver","test/src/ie/ucd/sensetile/sensorboard/driver/InputStreamPacketInputStreamUnitTest.java","3","90","Avoid variables with short names like is","Naming Rules","ShortVariable"
"221","ie.ucd.sensetile.sensorboard.driver","test/src/ie/ucd/sensetile/sensorboard/driver/InputStreamPacketInputStreamUnitTest.java","3","157","Parameter 'length' is not assigned and could be declared final","Optimization Rules","MethodArgumentCouldBeFinal"
"222","ie.ucd.sensetile.sensorboard.driver","test/src/ie/ucd/sensetile/sensorboard/driver/InputStreamPacketInputStreamUnitTest.java","3","161","Parameter 'length' is not assigned and could be declared final","Optimization Rules","MethodArgumentCouldBeFinal"
"223","ie.ucd.sensetile.sensorboard.driver","test/src/ie/ucd/sensetile/sensorboard/driver/InputStreamPacketInputStreamUnitTest.java","3","161","Parameter 'offset' is not assigned and could be declared final","Optimization Rules","MethodArgumentCouldBeFinal"
"224","ie.ucd.sensetile.util","test/src/ie/ucd/sensetile/util/AllUnitTests.java","3","11","All methods are static.  Consider using Singleton instead.  Alternatively, you could add a private constructor or make the class abstract to silence this warning.","Design Rules","UseSingleton"
"225","ie.ucd.sensetile.util","test/src/ie/ucd/sensetile/util/AllUnitTests.java","3","13","Parameter 'args' is not assigned and could be declared final","Optimization Rules","MethodArgumentCouldBeFinal"
"226","ie.ucd.sensetile.util","test/src/ie/ucd/sensetile/util/BytePatternUnitTest.java","4","3","Avoid unused imports such as 'org.junit.Assert'","Type Resolution Rules","UnusedImports"
"227","ie.ucd.sensetile.util","test/src/ie/ucd/sensetile/util/BytePatternUnitTest.java","4","3","Avoid unused imports such as 'org.junit.Assert'","Type Resolution Rules","UnusedImports"
"228","ie.ucd.sensetile.util","test/src/ie/ucd/sensetile/util/BytePatternUnitTest.java","3","4","No need to import a type that lives in the same package","Import Statement Rules","ImportFromSamePackage"
"229","ie.ucd.sensetile.util","test/src/ie/ucd/sensetile/util/BytePatternUnitTest.java","3","10","This class has too many methods, consider refactoring it.","Code Size Rules","TooManyMethods"
"230","ie.ucd.sensetile.util","test/src/ie/ucd/sensetile/util/BytePatternUnitTest.java","3","13","Document empty method","Design Rules","UncommentedEmptyMethod"
"231","ie.ucd.sensetile.util","test/src/ie/ucd/sensetile/util/BytePatternUnitTest.java","3","17","Document empty method","Design Rules","UncommentedEmptyMethod"
"232","ie.ucd.sensetile.util","test/src/ie/ucd/sensetile/util/BytePatternUnitTest.java","3","22","Local variable 'dataPattern' could be declared final","Optimization Rules","LocalVariableCouldBeFinal"
"233","ie.ucd.sensetile.util","test/src/ie/ucd/sensetile/util/BytePatternUnitTest.java","3","23","Local variable 'pattern' could be declared final","Optimization Rules","LocalVariableCouldBeFinal"
"234","ie.ucd.sensetile.util","test/src/ie/ucd/sensetile/util/BytePatternUnitTest.java","3","24","JUnit assertions should include a message","JUnit Rules","JUnitAssertionsShouldIncludeMessage"
"235","ie.ucd.sensetile.util","test/src/ie/ucd/sensetile/util/BytePatternUnitTest.java","3","29","Local variable 'dataPattern' could be declared final","Optimization Rules","LocalVariableCouldBeFinal"
"236","ie.ucd.sensetile.util","test/src/ie/ucd/sensetile/util/BytePatternUnitTest.java","3","35","Local variable 'dataPattern' could be declared final","Optimization Rules","LocalVariableCouldBeFinal"
"237","ie.ucd.sensetile.util","test/src/ie/ucd/sensetile/util/BytePatternUnitTest.java","3","41","Local variable 'dataPattern' could be declared final","Optimization Rules","LocalVariableCouldBeFinal"
"238","ie.ucd.sensetile.util","test/src/ie/ucd/sensetile/util/BytePatternUnitTest.java","3","45","JUnit assertions should include a message","JUnit Rules","JUnitAssertionsShouldIncludeMessage"
"239","ie.ucd.sensetile.util","test/src/ie/ucd/sensetile/util/BytePatternUnitTest.java","3","54","JUnit assertions should include a message","JUnit Rules","JUnitAssertionsShouldIncludeMessage"
"240","ie.ucd.sensetile.util","test/src/ie/ucd/sensetile/util/BytePatternUnitTest.java","3","56","JUnit assertions should include a message","JUnit Rules","JUnitAssertionsShouldIncludeMessage"
"241","ie.ucd.sensetile.util","test/src/ie/ucd/sensetile/util/BytePatternUnitTest.java","3","64","JUnit assertions should include a message","JUnit Rules","JUnitAssertionsShouldIncludeMessage"
"242","ie.ucd.sensetile.util","test/src/ie/ucd/sensetile/util/BytePatternUnitTest.java","3","145","JUnit 4 tests that execute tests should use the @Test annotation","Migration Rules","JUnit4TestShouldUseTestAnnotation"
"243","ie.ucd.sensetile.util","test/src/ie/ucd/sensetile/util/UnsignedByteArrayUnitTest.java","4","3","Avoid unused imports such as 'org.junit.Assert'","Type Resolution Rules","UnusedImports"
"244","ie.ucd.sensetile.util","test/src/ie/ucd/sensetile/util/UnsignedByteArrayUnitTest.java","4","3","Avoid unused imports such as 'org.junit.Assert'","Type Resolution Rules","UnusedImports"
"245","ie.ucd.sensetile.util","test/src/ie/ucd/sensetile/util/UnsignedByteArrayUnitTest.java","3","4","No need to import a type that lives in the same package","Import Statement Rules","ImportFromSamePackage"
"246","ie.ucd.sensetile.util","test/src/ie/ucd/sensetile/util/UnsignedByteArrayUnitTest.java","3","10","This class has too many methods, consider refactoring it.","Code Size Rules","TooManyMethods"
"247","ie.ucd.sensetile.util","test/src/ie/ucd/sensetile/util/UnsignedByteArrayUnitTest.java","3","12","Avoid variables with short names like ba","Naming Rules","ShortVariable"
"248","ie.ucd.sensetile.util","test/src/ie/ucd/sensetile/util/UnsignedByteArrayUnitTest.java","3","12","Found non-transient, non-static member. Please mark as transient or provide accessors.","JavaBean Rules","BeanMembersShouldSerialize"
"249","ie.ucd.sensetile.util","test/src/ie/ucd/sensetile/util/UnsignedByteArrayUnitTest.java","3","12","Use explicit scoping instead of the default package private level","Controversial Rules","DefaultPackage"
"250","ie.ucd.sensetile.util","test/src/ie/ucd/sensetile/util/UnsignedByteArrayUnitTest.java","3","20","Document empty method","Design Rules","UncommentedEmptyMethod"
"251","ie.ucd.sensetile.util","test/src/ie/ucd/sensetile/util/UnsignedByteArrayUnitTest.java","3","24","JUnit tests should include assert() or fail()","JUnit Rules","JUnitTestsShouldIncludeAssert"
"252","ie.ucd.sensetile.util","test/src/ie/ucd/sensetile/util/UnsignedByteArrayUnitTest.java","3","35","Local variable 'uba' could be declared final","Optimization Rules","LocalVariableCouldBeFinal"
"253","ie.ucd.sensetile.util","test/src/ie/ucd/sensetile/util/UnsignedByteArrayUnitTest.java","3","41","Avoid variables with short names like ba","Naming Rules","ShortVariable"
"254","ie.ucd.sensetile.util","test/src/ie/ucd/sensetile/util/UnsignedByteArrayUnitTest.java","3","41","Local variable 'ba' could be declared final","Optimization Rules","LocalVariableCouldBeFinal"
"255","ie.ucd.sensetile.util","test/src/ie/ucd/sensetile/util/UnsignedByteArrayUnitTest.java","3","42","Local variable 'uba' could be declared final","Optimization Rules","LocalVariableCouldBeFinal"
"256","ie.ucd.sensetile.util","test/src/ie/ucd/sensetile/util/UnsignedByteArrayUnitTest.java","3","52","JUnit tests should include assert() or fail()","JUnit Rules","JUnitTestsShouldIncludeAssert"
"257","ie.ucd.sensetile.util","test/src/ie/ucd/sensetile/util/UnsignedByteArrayUnitTest.java","3","53","Local variable 'uba' could be declared final","Optimization Rules","LocalVariableCouldBeFinal"
"258","ie.ucd.sensetile.util","test/src/ie/ucd/sensetile/util/UnsignedByteArrayUnitTest.java","3","54","Local variable 'offset' could be declared final","Optimization Rules","LocalVariableCouldBeFinal"
"259","ie.ucd.sensetile.util","test/src/ie/ucd/sensetile/util/UnsignedByteArrayUnitTest.java","3","60","JUnit tests should include assert() or fail()","JUnit Rules","JUnitTestsShouldIncludeAssert"
"260","ie.ucd.sensetile.util","test/src/ie/ucd/sensetile/util/UnsignedByteArrayUnitTest.java","3","72","JUnit assertions should include a message","JUnit Rules","JUnitAssertionsShouldIncludeMessage"
"261","ie.ucd.sensetile.util","test/src/ie/ucd/sensetile/util/UnsignedByteArrayUnitTest.java","3","81","JUnit assertions should include a message","JUnit Rules","JUnitAssertionsShouldIncludeMessage"
"262","ie.ucd.sensetile.util","test/src/ie/ucd/sensetile/util/UnsignedByteArrayUnitTest.java","3","90","JUnit assertions should include a message","JUnit Rules","JUnitAssertionsShouldIncludeMessage"
"263","ie.ucd.sensetile.util","test/src/ie/ucd/sensetile/util/UnsignedByteArrayUnitTest.java","3","99","JUnit assertions should include a message","JUnit Rules","JUnitAssertionsShouldIncludeMessage"
"264","ie.ucd.sensetile.util","test/src/ie/ucd/sensetile/util/UnsignedByteArrayUnitTest.java","3","109","JUnit assertions should include a message","JUnit Rules","JUnitAssertionsShouldIncludeMessage"
"265","ie.ucd.sensetile.util","test/src/ie/ucd/sensetile/util/UnsignedByteArrayUnitTest.java","3","143","Avoid variables with short names like ba","Naming Rules","ShortVariable"
"266","ie.ucd.sensetile.util","test/src/ie/ucd/sensetile/util/UnsignedByteArrayUnitTest.java","5","145","Found 'DD'-anomaly for variable 'ba' (lines '145'-'147').","Controversial Rules","DataflowAnomalyAnalysis"
"267","ie.ucd.sensetile.util","test/src/ie/ucd/sensetile/util/UnsignedByteArrayUnitTest.java","5","147","Found 'DD'-anomaly for variable 'ba' (lines '147'-'148').","Controversial Rules","DataflowAnomalyAnalysis"
"268","ie.ucd.sensetile.util","test/src/ie/ucd/sensetile/util/UnsignedByteArrayUnitTest.java","5","148","Found 'DU'-anomaly for variable 'ba' (lines '148'-'150').","Controversial Rules","DataflowAnomalyAnalysis"
"269","ie.ucd.sensetile.util","test/src/ie/ucd/sensetile/util/UnsignedByteArrayUnitTest.java","3","154","Avoid variables with short names like ba","Naming Rules","ShortVariable"
"270","ie.ucd.sensetile.util","test/src/ie/ucd/sensetile/util/UnsignedByteArrayUnitTest.java","3","166","Avoid variables with short names like ba","Naming Rules","ShortVariable"
